"ECO_ID","ECO_NAME","BIOME_NAME","REALM"
135,"Admiralty Islands lowland rain forests","Tropical & Subtropical Moist Broadleaf Forests","Australasia"
785,"Aegean and Western Turkey sclerophyllous and mixed forests","Mediterranean Forests, Woodlands & Scrub","Palearctic"
807,"Afghan Mountains semi-desert","Deserts & Xeric Shrublands","Palearctic"
404,"Ahklun and Kilbuck Upland Tundra","Tundra","Nearctic"
722,"Al-Hajar foothill xeric woodlands and shrublands","Temperate Grasslands, Savannas & Shrublands","Palearctic"
723,"Al-Hajar montane woodlands and shrublands","Temperate Grasslands, Savannas & Shrublands","Palearctic"
721,"Alai-Western Tian Shan steppe","Temperate Grasslands, Savannas & Shrublands","Palearctic"
808,"Alashan Plateau semi-desert","Deserts & Xeric Shrublands","Palearctic"
369,"Alaska Peninsula montane taiga","Boreal Forests/Taiga","Nearctic"
405,"Alaska-St. Elias Range tundra","Tundra","Nearctic"
88,"Albany thickets","Mediterranean Forests, Woodlands & Scrub","Afrotropic"
345,"Alberta-British Columbia foothills forests","Temperate Conifer Forests","Nearctic"
1,"Albertine Rift montane forests","Tropical & Subtropical Moist Broadleaf Forests","Afrotropic"
406,"Aleutian Islands tundra","Tundra","Nearctic"
328,"Allegheny Highlands forests","Temperate Broadleaf & Mixed Forests","Nearctic"
689,"Alps conifer and mixed forests","Temperate Conifer Forests","Palearctic"
749,"Altai alpine meadow and tundra","Montane Grasslands & Shrublands","Palearctic"
690,"Altai montane forest and forest steppe","Temperate Conifer Forests","Palearctic"
724,"Altai steppe and semi-desert","Temperate Grasslands, Savannas & Shrublands","Palearctic"
439,"Alto Paran<U+00E1> Atlantic forests","Tropical & Subtropical Moist Broadleaf Forests","Neotropic"
611,"Amazon-Orinoco-Southern Caribbean mangroves","Mangroves","Neotropic"
741,"Amur meadow steppe","Flooded Grasslands & Savannas","Palearctic"
786,"Anatolian conifer and deciduous mixed forests","Mediterranean Forests, Woodlands & Scrub","Palearctic"
218,"Andaman Islands rain forests","Tropical & Subtropical Moist Broadleaf Forests","Indomalayan"
77,"Angolan montane forest-grassland","Montane Grasslands & Shrublands","Afrotropic"
34,"Angolan mopane woodlands","Tropical & Subtropical Grasslands, Savannas & Shrublands","Afrotropic"
35,"Angolan scarp savanna and woodlands","Tropical & Subtropical Grasslands, Savannas & Shrublands","Afrotropic"
36,"Angolan wet miombo woodlands","Tropical & Subtropical Grasslands, Savannas & Shrublands","Afrotropic"
196,"Antipodes Subantarctic Islands tundra","Tundra","Australasia"
330,"Appalachian Piedmont forests","Temperate Broadleaf & Mixed Forests","Nearctic"
329,"Appalachian mixed mesophytic forests","Temperate Broadleaf & Mixed Forests","Nearctic"
331,"Appalachian-Blue Ridge forests","Temperate Broadleaf & Mixed Forests","Nearctic"
644,"Appenine deciduous montane forests","Temperate Broadleaf & Mixed Forests","Palearctic"
520,"Apure-Villavicencio dry forests","Tropical & Subtropical Dry Broadleaf Forests","Neotropic"
809,"Arabian desert","Deserts & Xeric Shrublands","Palearctic"
810,"Arabian sand desert","Deserts & Xeric Shrublands","Palearctic"
811,"Arabian-Persian Gulf coastal plain desert","Deserts & Xeric Shrublands","Palearctic"
440,"Araucaria moist forests","Tropical & Subtropical Moist Broadleaf Forests","Neotropic"
314,"Aravalli west thorn scrub forests","Deserts & Xeric Shrublands","Indomalayan"
597,"Araya and Paria xeric scrub","Deserts & Xeric Shrublands","Neotropic"
407,"Arctic coastal tundra","Tundra","Nearctic"
408,"Arctic foothills tundra","Tundra","Nearctic"
346,"Arizona Mountains forests","Temperate Conifer Forests","Nearctic"
181,"Arnhem Land tropical savanna","Tropical & Subtropical Grasslands, Savannas & Shrublands","Australasia"
598,"Atacama desert","Deserts & Xeric Shrublands","Neotropic"
441,"Atlantic Coast restingas","Tropical & Subtropical Moist Broadleaf Forests","Neotropic"
347,"Atlantic coastal pine barrens","Temperate Conifer Forests","Nearctic"
193,"Australian Alps montane grasslands","Montane Grasslands & Shrublands","Australasia"
812,"Azerbaijan shrub desert and steppe","Deserts & Xeric Shrublands","Palearctic"
813,"Badghyz and Karabil semi-desert","Deserts & Xeric Shrublands","Palearctic"
552,"Bahamian pineyards","Tropical & Subtropical Coniferous Forests","Neotropic"
612,"Bahamian-Antillean mangroves","Mangroves","Neotropic"
442,"Bahia coastal forests","Tropical & Subtropical Moist Broadleaf Forests","Neotropic"
443,"Bahia interior forests","Tropical & Subtropical Moist Broadleaf Forests","Neotropic"
521,"Baj<U+00ED>o dry forests","Tropical & Subtropical Dry Broadleaf Forests","Neotropic"
426,"Baja California desert","Deserts & Xeric Shrublands","Nearctic"
646,"Balkan mixed forests","Temperate Broadleaf & Mixed Forests","Palearctic"
522,"Balsas dry forests","Tropical & Subtropical Dry Broadleaf Forests","Neotropic"
647,"Baltic mixed forests","Temperate Broadleaf & Mixed Forests","Palearctic"
814,"Baluchistan xeric woodlands","Deserts & Xeric Shrublands","Palearctic"
136,"Banda Sea Islands moist deciduous forests","Tropical & Subtropical Moist Broadleaf Forests","Australasia"
564,"Belizian pine savannas","Tropical & Subtropical Grasslands, Savannas & Shrublands","Neotropic"
565,"Beni savanna","Tropical & Subtropical Grasslands, Savannas & Shrublands","Neotropic"
409,"Beringia lowland tundra","Tundra","Nearctic"
410,"Beringia upland tundra","Tundra","Nearctic"
137,"Biak-Numfoor rain forests","Tropical & Subtropical Moist Broadleaf Forests","Australasia"
348,"Blue Mountains forests","Temperate Conifer Forests","Nearctic"
742,"Bohai Sea saline meadow","Flooded Grasslands & Savannas","Palearctic"
444,"Bolivian Yungas","Tropical & Subtropical Moist Broadleaf Forests","Neotropic"
523,"Bolivian montane dry forests","Tropical & Subtropical Dry Broadleaf Forests","Neotropic"
219,"Borneo lowland rain forests","Tropical & Subtropical Moist Broadleaf Forests","Indomalayan"
220,"Borneo montane rain forests","Tropical & Subtropical Moist Broadleaf Forests","Indomalayan"
221,"Borneo peat swamp forests","Tropical & Subtropical Moist Broadleaf Forests","Indomalayan"
222,"Brahmaputra Valley semi-evergreen forests","Tropical & Subtropical Moist Broadleaf Forests","Indomalayan"
524,"Brazilian Atlantic dry forests","Tropical & Subtropical Dry Broadleaf Forests","Neotropic"
182,"Brigalow tropical savanna","Tropical & Subtropical Grasslands, Savannas & Shrublands","Australasia"
349,"British Columbia coastal conifer forests","Temperate Conifer Forests","Nearctic"
411,"Brooks-British Range tundra","Tundra","Nearctic"
138,"Buru rain forests","Tropical & Subtropical Moist Broadleaf Forests","Australasia"
525,"Caatinga","Tropical & Subtropical Dry Broadleaf Forests","Neotropic"
445,"Caatinga Enclaves moist forests","Tropical & Subtropical Moist Broadleaf Forests","Neotropic"
691,"Caledon conifer forests","Temperate Conifer Forests","Palearctic"
385,"California Central Valley grasslands","Temperate Grasslands, Savannas & Shrublands","Nearctic"
422,"California coastal sage and chaparral","Mediterranean Forests, Woodlands & Scrub","Nearctic"
423,"California interior chaparral and woodlands","Mediterranean Forests, Woodlands & Scrub","Nearctic"
424,"California montane chaparral and woodlands","Mediterranean Forests, Woodlands & Scrub","Nearctic"
2,"Cameroon Highlands forests","Tropical & Subtropical Moist Broadleaf Forests","Afrotropic"
566,"Campos Rupestres montane savanna","Tropical & Subtropical Grasslands, Savannas & Shrublands","Neotropic"
386,"Canadian Aspen forests and parklands","Temperate Grasslands, Savannas & Shrublands","Nearctic"
412,"Canadian High Arctic tundra","Tundra","Nearctic"
413,"Canadian Low Arctic tundra","Tundra","Nearctic"
414,"Canadian Middle Arctic Tundra","Tundra","Nearctic"
787,"Canary Islands dry woodlands and forests","Mediterranean Forests, Woodlands & Scrub","Palearctic"
648,"Cantabrian mixed forests","Temperate Broadleaf & Mixed Forests","Palearctic"
190,"Canterbury-Otago tussock grasslands","Temperate Grasslands, Savannas & Shrublands","Australasia"
31,"Cape Verde Islands dry forests","Tropical & Subtropical Dry Broadleaf Forests","Afrotropic"
183,"Cape York Peninsula tropical savanna","Tropical & Subtropical Grasslands, Savannas & Shrublands","Australasia"
446,"Caqueta moist forests","Tropical & Subtropical Moist Broadleaf Forests","Neotropic"
223,"Cardamom Mountains rain forests","Tropical & Subtropical Moist Broadleaf Forests","Indomalayan"
599,"Caribbean shrublands","Deserts & Xeric Shrublands","Neotropic"
207,"Carnarvon xeric shrublands","Deserts & Xeric Shrublands","Australasia"
618,"Carolines tropical moist forests","Tropical & Subtropical Moist Broadleaf Forests","Oceania"
692,"Carpathian montane forests","Temperate Conifer Forests","Palearctic"
184,"Carpentaria tropical savanna","Tropical & Subtropical Grasslands, Savannas & Shrublands","Australasia"
649,"Caspian Hyrcanian mixed forests","Temperate Broadleaf & Mixed Forests","Palearctic"
815,"Caspian lowland desert","Deserts & Xeric Shrublands","Palearctic"
447,"Catatumbo moist forests","Tropical & Subtropical Moist Broadleaf Forests","Neotropic"
526,"Cauca Valley dry forests","Tropical & Subtropical Dry Broadleaf Forests","Neotropic"
448,"Cauca Valley montane forests","Tropical & Subtropical Moist Broadleaf Forests","Neotropic"
650,"Caucasus mixed forests","Temperate Broadleaf & Mixed Forests","Palearctic"
651,"Celtic broadleaf forests","Temperate Broadleaf & Mixed Forests","Palearctic"
816,"Central Afghan Mountains xeric woodlands","Deserts & Xeric Shrublands","Palearctic"
111,"Central African mangroves","Mangroves","Afrotropic"
450,"Central American Atlantic moist forests","Tropical & Subtropical Moist Broadleaf Forests","Neotropic"
527,"Central American dry forests","Tropical & Subtropical Dry Broadleaf Forests","Neotropic"
451,"Central American montane forests","Tropical & Subtropical Moist Broadleaf Forests","Neotropic"
553,"Central American pine-oak forests","Tropical & Subtropical Coniferous Forests","Neotropic"
725,"Central Anatolian steppe","Temperate Grasslands, Savannas & Shrublands","Palearctic"
652,"Central Anatolian steppe and woodlands","Temperate Broadleaf & Mixed Forests","Palearctic"
587,"Central Andean dry puna","Montane Grasslands & Shrublands","Neotropic"
588,"Central Andean puna","Montane Grasslands & Shrublands","Neotropic"
589,"Central Andean wet puna","Montane Grasslands & Shrublands","Neotropic"
817,"Central Asian northern desert","Deserts & Xeric Shrublands","Palearctic"
818,"Central Asian riparian woodlands","Deserts & Xeric Shrublands","Palearctic"
819,"Central Asian southern desert","Deserts & Xeric Shrublands","Palearctic"
350,"Central British Columbia Mountain forests","Temperate Conifer Forests","Nearctic"
370,"Central Canadian Shield forests","Boreal Forests/Taiga","Nearctic"
653,"Central China Loess Plateau mixed forests","Temperate Broadleaf & Mixed Forests","Palearctic"
3,"Central Congolian lowland forests","Tropical & Subtropical Moist Broadleaf Forests","Afrotropic"
290,"Central Deccan Plateau dry deciduous forests","Tropical & Subtropical Dry Broadleaf Forests","Indomalayan"
654,"Central European mixed forests","Temperate Broadleaf & Mixed Forests","Palearctic"
291,"Central Indochina dry forests","Tropical & Subtropical Dry Broadleaf Forests","Indomalayan"
655,"Central Korean deciduous forests","Temperate Broadleaf & Mixed Forests","Palearctic"
427,"Central Mexican matorral","Deserts & Xeric Shrublands","Nearctic"
351,"Central Pacific Northwest coastal forests","Temperate Conifer Forests","Nearctic"
820,"Central Persian desert basins","Deserts & Xeric Shrublands","Palearctic"
619,"Central Polynesian tropical moist forests","Tropical & Subtropical Moist Broadleaf Forests","Oceania"
139,"Central Range Papuan montane rain forests","Tropical & Subtropical Moist Broadleaf Forests","Australasia"
208,"Central Ranges xeric scrub","Deserts & Xeric Shrublands","Australasia"
388,"Central Tallgrass prairie","Temperate Grasslands, Savannas & Shrublands","Nearctic"
750,"Central Tibetan Plateau alpine steppe","Montane Grasslands & Shrublands","Palearctic"
387,"Central US forest-grasslands transition","Temperate Grasslands, Savannas & Shrublands","Nearctic"
39,"Central Zambezian wet miombo woodlands","Tropical & Subtropical Grasslands, Savannas & Shrublands","Afrotropic"
38,"Central bushveld","Tropical & Subtropical Grasslands, Savannas & Shrublands","Afrotropic"
352,"Central-Southern Cascades Forests","Temperate Conifer Forests","Nearctic"
389,"Central-Southern US mixed grasslands","Temperate Grasslands, Savannas & Shrublands","Nearctic"
567,"Cerrado","Tropical & Subtropical Grasslands, Savannas & Shrublands","Neotropic"
656,"Changbai Mountains mixed forests","Temperate Broadleaf & Mixed Forests","Palearctic"
657,"Changjiang Plain evergreen forests","Temperate Broadleaf & Mixed Forests","Palearctic"
224,"Chao Phraya freshwater swamp forests","Tropical & Subtropical Moist Broadleaf Forests","Indomalayan"
225,"Chao Phraya lowland moist deciduous forests","Tropical & Subtropical Moist Broadleaf Forests","Indomalayan"
167,"Chatham Island temperate forests","Temperate Broadleaf & Mixed Forests","Australasia"
771,"Cherskii-Kolyma mountain tundra","Tundra","Palearctic"
292,"Chhota-Nagpur dry deciduous forests","Tropical & Subtropical Dry Broadleaf Forests","Indomalayan"
528,"Chiapas Depression dry forests","Tropical & Subtropical Dry Broadleaf Forests","Neotropic"
452,"Chiapas montane forests","Tropical & Subtropical Moist Broadleaf Forests","Neotropic"
428,"Chihuahuan desert","Deserts & Xeric Shrublands","Nearctic"
596,"Chilean Matorral","Mediterranean Forests, Woodlands & Scrub","Neotropic"
453,"Chimalapas montane forests","Tropical & Subtropical Moist Broadleaf Forests","Neotropic"
226,"Chin Hills-Arakan Yoma montane forests","Tropical & Subtropical Moist Broadleaf Forests","Indomalayan"
529,"Chiquitano dry forests","Tropical & Subtropical Dry Broadleaf Forests","Neotropic"
454,"Choc<U+00F3>-Dari<U+00E9>n moist forests","Tropical & Subtropical Moist Broadleaf Forests","Neotropic"
772,"Chukchi Peninsula tundra","Tundra","Palearctic"
429,"Colorado Plateau shrublands","Deserts & Xeric Shrublands","Nearctic"
353,"Colorado Rockies forests","Temperate Conifer Forests","Nearctic"
4,"Comoros forests","Tropical & Subtropical Moist Broadleaf Forests","Afrotropic"
5,"Congolian coastal forests","Tropical & Subtropical Moist Broadleaf Forests","Afrotropic"
371,"Cook Inlet taiga","Boreal Forests/Taiga","Nearctic"
197,"Coolgardie woodlands","Mediterranean Forests, Woodlands & Scrub","Australasia"
372,"Copper Plateau taiga","Boreal Forests/Taiga","Nearctic"
590,"Cordillera Central p<U+00E1>ramo","Montane Grasslands & Shrublands","Neotropic"
456,"Cordillera La Costa montane forests","Tropical & Subtropical Moist Broadleaf Forests","Neotropic"
457,"Cordillera Oriental montane forests","Tropical & Subtropical Moist Broadleaf Forests","Neotropic"
591,"Cordillera de Merida p<U+00E1>ramo","Montane Grasslands & Shrublands","Neotropic"
788,"Corsican montane broadleaf and mixed forests","Mediterranean Forests, Woodlands & Scrub","Palearctic"
458,"Costa Rican seasonal moist forests","Tropical & Subtropical Moist Broadleaf Forests","Neotropic"
789,"Crete Mediterranean forests","Mediterranean Forests, Woodlands & Scrub","Palearctic"
658,"Crimean Submediterranean forest complex","Temperate Broadleaf & Mixed Forests","Palearctic"
6,"Cross-Niger transition forests","Tropical & Subtropical Moist Broadleaf Forests","Afrotropic"
7,"Cross-Sanaga-Bioko coastal forests","Tropical & Subtropical Moist Broadleaf Forests","Afrotropic"
390,"Cross-Timbers savanna-woodland","Temperate Grasslands, Savannas & Shrublands","Nearctic"
600,"Cuban cactus scrub","Deserts & Xeric Shrublands","Neotropic"
530,"Cuban dry forests","Tropical & Subtropical Dry Broadleaf Forests","Neotropic"
459,"Cuban moist forests","Tropical & Subtropical Moist Broadleaf Forests","Neotropic"
554,"Cuban pine forests","Tropical & Subtropical Coniferous Forests","Neotropic"
579,"Cuban wetlands","Flooded Grasslands & Savannas","Neotropic"
790,"Cyprus Mediterranean forests","Mediterranean Forests, Woodlands & Scrub","Palearctic"
693,"Da Hinggan-Dzhagdy Mountains conifer forests","Temperate Conifer Forests","Palearctic"
659,"Daba Mountains evergreen forests","Temperate Broadleaf & Mixed Forests","Palearctic"
726,"Daurian forest steppe","Temperate Grasslands, Savannas & Shrublands","Palearctic"
415,"Davis Highlands tundra","Tundra","Nearctic"
315,"Deccan thorn scrub forests","Deserts & Xeric Shrublands","Indomalayan"
660,"Dinaric Mountains mixed forests","Temperate Broadleaf & Mixed Forests","Palearctic"
92,"Djibouti xeric shrublands","Deserts & Xeric Shrublands","Afrotropic"
40,"Drakensberg Escarpment savanna and thicket","Tropical & Subtropical Grasslands, Savannas & Shrublands","Afrotropic"
41,"Drakensberg grasslands","Tropical & Subtropical Grasslands, Savannas & Shrublands","Afrotropic"
569,"Dry Chaco","Tropical & Subtropical Grasslands, Savannas & Shrublands","Neotropic"
42,"Dry miombo woodlands","Tropical & Subtropical Grasslands, Savannas & Shrublands","Afrotropic"
694,"East Afghan montane conifer forests","Temperate Conifer Forests","Palearctic"
69,"East African halophytics","Flooded Grasslands & Savannas","Afrotropic"
112,"East African mangroves","Mangroves","Afrotropic"
8,"East African montane forests","Tropical & Subtropical Moist Broadleaf Forests","Afrotropic"
78,"East African montane moorlands","Montane Grasslands & Shrublands","Afrotropic"
821,"East Arabian fog shrublands and sand desert","Deserts & Xeric Shrublands","Palearctic"
332,"East Central Texas forests","Temperate Broadleaf & Mixed Forests","Nearctic"
293,"East Deccan dry-evergreen forests","Tropical & Subtropical Dry Broadleaf Forests","Indomalayan"
228,"East Deccan moist deciduous forests","Tropical & Subtropical Moist Broadleaf Forests","Indomalayan"
661,"East European forest steppe","Temperate Broadleaf & Mixed Forests","Palearctic"
822,"East Sahara Desert","Deserts & Xeric Shrublands","Palearctic"
823,"East Saharan montane xeric woodlands","Deserts & Xeric Shrublands","Palearctic"
710,"East Siberian taiga","Boreal Forests/Taiga","Palearctic"
43,"East Sudanian savanna","Tropical & Subtropical Grasslands, Savannas & Shrublands","Afrotropic"
662,"Eastern Anatolian deciduous forests","Temperate Broadleaf & Mixed Forests","Palearctic"
727,"Eastern Anatolian montane steppe","Temperate Grasslands, Savannas & Shrublands","Palearctic"
9,"Eastern Arc forests","Tropical & Subtropical Moist Broadleaf Forests","Afrotropic"
191,"Eastern Australia mulga shrublands","Temperate Grasslands, Savannas & Shrublands","Australasia"
168,"Eastern Australian temperate forests","Temperate Broadleaf & Mixed Forests","Australasia"
333,"Eastern Canadian Forest-Boreal transition","Temperate Broadleaf & Mixed Forests","Nearctic"
374,"Eastern Canadian Shield taiga","Boreal Forests/Taiga","Nearctic"
373,"Eastern Canadian forests","Boreal Forests/Taiga","Nearctic"
354,"Eastern Cascades forests","Temperate Conifer Forests","Nearctic"
10,"Eastern Congolian swamp forests","Tropical & Subtropical Moist Broadleaf Forests","Afrotropic"
460,"Eastern Cordillera Real montane forests","Tropical & Subtropical Moist Broadleaf Forests","Neotropic"
824,"Eastern Gobi desert steppe","Deserts & Xeric Shrublands","Palearctic"
334,"Eastern Great Lakes lowland forests","Temperate Broadleaf & Mixed Forests","Nearctic"
11,"Eastern Guinean forests","Tropical & Subtropical Moist Broadleaf Forests","Afrotropic"
751,"Eastern Himalayan alpine shrub and meadows","Montane Grasslands & Shrublands","Palearctic"
306,"Eastern Himalayan broadleaf forests","Temperate Broadleaf & Mixed Forests","Indomalayan"
309,"Eastern Himalayan subalpine conifer forests","Temperate Conifer Forests","Indomalayan"
229,"Eastern Java-Bali montane rain forests","Tropical & Subtropical Moist Broadleaf Forests","Indomalayan"
230,"Eastern Java-Bali rain forests","Tropical & Subtropical Moist Broadleaf Forests","Indomalayan"
791,"Eastern Mediterranean conifer-broadleaf forests","Mediterranean Forests, Woodlands & Scrub","Palearctic"
461,"Eastern Panamanian montane forests","Tropical & Subtropical Moist Broadleaf Forests","Neotropic"
531,"Ecuadorian dry forests","Tropical & Subtropical Dry Broadleaf Forests","Neotropic"
391,"Edwards Plateau savanna","Temperate Grasslands, Savannas & Shrublands","Nearctic"
185,"Einasleigh upland savanna","Tropical & Subtropical Grasslands, Savannas & Shrublands","Australasia"
695,"Elburz Range forest steppe","Temperate Conifer Forests","Palearctic"
728,"Emin Valley steppe","Temperate Grasslands, Savannas & Shrublands","Palearctic"
663,"English Lowlands beech forests","Temperate Broadleaf & Mixed Forests","Palearctic"
93,"Eritrean coastal desert","Deserts & Xeric Shrublands","Afrotropic"
198,"Esperance mallee","Mediterranean Forests, Woodlands & Scrub","Australasia"
575,"Espinal","Temperate Grasslands, Savannas & Shrublands","Neotropic"
12,"Ethiopian montane forests","Tropical & Subtropical Moist Broadleaf Forests","Afrotropic"
79,"Ethiopian montane grasslands and woodlands","Montane Grasslands & Shrublands","Afrotropic"
80,"Ethiopian montane moorlands","Montane Grasslands & Shrublands","Afrotropic"
70,"Etosha Pan halophytics","Flooded Grasslands & Savannas","Afrotropic"
664,"European Atlantic mixed forests","Temperate Broadleaf & Mixed Forests","Palearctic"
665,"Euxine-Colchic broadleaf forests","Temperate Broadleaf & Mixed Forests","Palearctic"
581,"Everglades flooded grasslands","Flooded Grasslands & Savannas","Neotropic"
199,"Eyre and York mallee","Mediterranean Forests, Woodlands & Scrub","Australasia"
729,"Faroe Islands boreal grasslands","Temperate Grasslands, Savannas & Shrublands","Palearctic"
635,"Fiji tropical dry forests","Tropical & Subtropical Dry Broadleaf Forests","Oceania"
622,"Fiji tropical moist forests","Tropical & Subtropical Moist Broadleaf Forests","Oceania"
169,"Fiordland temperate forests","Temperate Broadleaf & Mixed Forests","Australasia"
200,"Flinders-Lofty montane woodlands","Mediterranean Forests, Woodlands & Scrub","Australasia"
392,"Flint Hills tallgrass prairie","Temperate Grasslands, Savannas & Shrublands","Nearctic"
355,"Fraser Plateau and Basin conifer forests","Temperate Conifer Forests","Nearctic"
89,"Fynbos shrubland","Mediterranean Forests, Woodlands & Scrub","Afrotropic"
601,"Gal<U+00E1>pagos Islands xeric scrub","Deserts & Xeric Shrublands","Neotropic"
94,"Gariep Karoo","Deserts & Xeric Shrublands","Afrotropic"
752,"Ghorat-Hazarajat alpine meadow","Montane Grasslands & Shrublands","Palearctic"
209,"Gibson desert","Deserts & Xeric Shrublands","Australasia"
730,"Gissaro-Alai open woodlands","Temperate Grasslands, Savannas & Shrublands","Palearctic"
825,"Gobi Lakes Valley desert steppe","Deserts & Xeric Shrublands","Palearctic"
316,"Godavari-Krishna mangroves","Deserts & Xeric Shrublands","Indomalayan"
356,"Great Basin montane forests","Temperate Conifer Forests","Nearctic"
430,"Great Basin shrub steppe","Deserts & Xeric Shrublands","Nearctic"
826,"Great Lakes Basin desert steppe","Deserts & Xeric Shrublands","Palearctic"
210,"Great Sandy-Tanami desert","Deserts & Xeric Shrublands","Australasia"
211,"Great Victoria desert","Deserts & Xeric Shrublands","Australasia"
231,"Greater Negros-Panay rain forests","Tropical & Subtropical Moist Broadleaf Forests","Indomalayan"
602,"Guajira-Barranquilla xeric scrub","Deserts & Xeric Shrublands","Neotropic"
582,"Guayaquil flooded grasslands","Flooded Grasslands & Savannas","Neotropic"
464,"Guianan Highlands moist forests","Tropical & Subtropical Moist Broadleaf Forests","Neotropic"
463,"Guianan freshwater swamp forests","Tropical & Subtropical Moist Broadleaf Forests","Neotropic"
465,"Guianan lowland moist forests","Tropical & Subtropical Moist Broadleaf Forests","Neotropic"
466,"Guianan piedmont moist forests","Tropical & Subtropical Moist Broadleaf Forests","Neotropic"
570,"Guianan savanna","Tropical & Subtropical Grasslands, Savannas & Shrublands","Neotropic"
44,"Guinean forest-savanna","Tropical & Subtropical Grasslands, Savannas & Shrublands","Afrotropic"
113,"Guinean mangroves","Mangroves","Afrotropic"
14,"Guinean montane forests","Tropical & Subtropical Moist Broadleaf Forests","Afrotropic"
642,"Guizhou Plateau broadleaf and mixed forests","Tropical & Subtropical Moist Broadleaf Forests","Palearctic"
431,"Gulf of California xeric scrub","Deserts & Xeric Shrublands","Nearctic"
335,"Gulf of St. Lawrence lowland forests","Temperate Broadleaf & Mixed Forests","Nearctic"
467,"Gurupa v<U+00E1>rzea","Tropical & Subtropical Moist Broadleaf Forests","Neotropic"
232,"Hainan Island monsoon rain forests","Tropical & Subtropical Moist Broadleaf Forests","Indomalayan"
140,"Halmahera rain forests","Tropical & Subtropical Moist Broadleaf Forests","Australasia"
201,"Hampton mallee and woodlands","Mediterranean Forests, Woodlands & Scrub","Australasia"
636,"Hawai'i tropical dry forests","Tropical & Subtropical Dry Broadleaf Forests","Oceania"
639,"Hawai'i tropical high shrublands","Tropical & Subtropical Grasslands, Savannas & Shrublands","Oceania"
640,"Hawai'i tropical low shrublands","Tropical & Subtropical Grasslands, Savannas & Shrublands","Oceania"
623,"Hawai'i tropical moist forests","Tropical & Subtropical Moist Broadleaf Forests","Oceania"
696,"Helanshan montane conifer forests","Temperate Conifer Forests","Palearctic"
697,"Hengduan Mountains subalpine conifer forests","Temperate Conifer Forests","Palearctic"
592,"High Monte","Montane Grasslands & Shrublands","Neotropic"
81,"Highveld grasslands","Montane Grasslands & Shrublands","Afrotropic"
233,"Himalayan subtropical broadleaf forests","Tropical & Subtropical Moist Broadleaf Forests","Indomalayan"
302,"Himalayan subtropical pine forests","Tropical & Subtropical Coniferous Forests","Indomalayan"
753,"Hindu Kush alpine meadow","Montane Grasslands & Shrublands","Palearctic"
532,"Hispaniolan dry forests","Tropical & Subtropical Dry Broadleaf Forests","Neotropic"
468,"Hispaniolan moist forests","Tropical & Subtropical Moist Broadleaf Forests","Neotropic"
555,"Hispaniolan pine forests","Tropical & Subtropical Coniferous Forests","Neotropic"
95,"Hobyo grasslands and shrublands","Deserts & Xeric Shrublands","Afrotropic"
666,"Hokkaido deciduous forests","Temperate Broadleaf & Mixed Forests","Palearctic"
698,"Hokkaido montane conifer forests","Temperate Conifer Forests","Palearctic"
699,"Honshu alpine conifer forests","Temperate Conifer Forests","Palearctic"
45,"Horn of Africa xeric bushlands","Tropical & Subtropical Grasslands, Savannas & Shrublands","Afrotropic"
667,"Huang He Plain mixed forests","Temperate Broadleaf & Mixed Forests","Palearctic"
571,"Humid Chaco","Tropical & Subtropical Grasslands, Savannas & Shrublands","Neotropic"
576,"Humid Pampas","Temperate Grasslands, Savannas & Shrublands","Neotropic"
141,"Huon Peninsula montane rain forests","Tropical & Subtropical Moist Broadleaf Forests","Australasia"
792,"Iberian conifer forests","Mediterranean Forests, Woodlands & Scrub","Palearctic"
793,"Iberian sclerophyllous and semi-deciduous forests","Mediterranean Forests, Woodlands & Scrub","Palearctic"
711,"Iceland boreal birch forests and alpine tundra","Boreal Forests/Taiga","Palearctic"
794,"Illyrian deciduous forests","Mediterranean Forests, Woodlands & Scrub","Palearctic"
319,"Indochina mangroves","Mangroves","Indomalayan"
320,"Indus River Delta-Arabian Sea mangroves","Mangroves","Indomalayan"
317,"Indus Valley desert","Deserts & Xeric Shrublands","Indomalayan"
71,"Inner Niger Delta flooded savanna","Flooded Grasslands & Savannas","Afrotropic"
375,"Interior Alaska-Yukon lowland taiga","Boreal Forests/Taiga","Nearctic"
336,"Interior Plateau US Hardwood Forests","Temperate Broadleaf & Mixed Forests","Nearctic"
416,"Interior Yukon-Alaska alpine tundra","Tundra","Nearctic"
469,"Iquitos v<U+00E1>rzea","Tropical & Subtropical Moist Broadleaf Forests","Neotropic"
294,"Irrawaddy dry forests","Tropical & Subtropical Dry Broadleaf Forests","Indomalayan"
234,"Irrawaddy freshwater swamp forests","Tropical & Subtropical Moist Broadleaf Forests","Indomalayan"
235,"Irrawaddy moist deciduous forests","Tropical & Subtropical Moist Broadleaf Forests","Indomalayan"
470,"Isthmian-Atlantic moist forests","Tropical & Subtropical Moist Broadleaf Forests","Neotropic"
471,"Isthmian-Pacific moist forests","Tropical & Subtropical Moist Broadleaf Forests","Neotropic"
795,"Italian sclerophyllous and semi-deciduous forests","Mediterranean Forests, Woodlands & Scrub","Palearctic"
46,"Itigi-Sumbu thicket","Tropical & Subtropical Grasslands, Savannas & Shrublands","Afrotropic"
534,"Jalisco dry forests","Tropical & Subtropical Dry Broadleaf Forests","Neotropic"
535,"Jamaican dry forests","Tropical & Subtropical Dry Broadleaf Forests","Neotropic"
472,"Jamaican moist forests","Tropical & Subtropical Moist Broadleaf Forests","Neotropic"
473,"Japur<U+00E1>-Solim<U+00F5>es-Negro moist forests","Tropical & Subtropical Moist Broadleaf Forests","Neotropic"
202,"Jarrah-Karri forest and shrublands","Mediterranean Forests, Woodlands & Scrub","Australasia"
236,"Jian Nan subtropical evergreen forests","Tropical & Subtropical Moist Broadleaf Forests","Indomalayan"
82,"Jos Plateau forest-grassland","Montane Grasslands & Shrublands","Afrotropic"
560,"Juan Fern<U+00E1>ndez Islands temperate forests","Temperate Broadleaf & Mixed Forests","Neotropic"
827,"Junggar Basin semi-desert","Deserts & Xeric Shrublands","Palearctic"
474,"Juru<U+00E1>-Purus moist forests","Tropical & Subtropical Moist Broadleaf Forests","Neotropic"
417,"Kalaallit Nunaat Arctic steppe","Tundra","Nearctic"
418,"Kalaallit Nunaat High Arctic tundra","Tundra","Nearctic"
47,"Kalahari Acacia woodlands","Tropical & Subtropical Grasslands, Savannas & Shrublands","Afrotropic"
97,"Kalahari xeric savanna","Deserts & Xeric Shrublands","Afrotropic"
712,"Kamchatka taiga","Boreal Forests/Taiga","Palearctic"
773,"Kamchatka tundra","Tundra","Palearctic"
713,"Kamchatka-Kurile meadows and sparse forests","Boreal Forests/Taiga","Palearctic"
98,"Kaokoveld desert","Deserts & Xeric Shrublands","Afrotropic"
754,"Karakoram-West Tibetan Plateau alpine steppe","Montane Grasslands & Shrublands","Palearctic"
237,"Kayah-Karen montane rain forests","Tropical & Subtropical Moist Broadleaf Forests","Indomalayan"
731,"Kazakh forest steppe","Temperate Grasslands, Savannas & Shrublands","Palearctic"
828,"Kazakh semi-desert","Deserts & Xeric Shrublands","Palearctic"
732,"Kazakh steppe","Temperate Grasslands, Savannas & Shrublands","Palearctic"
733,"Kazakh upland steppe","Temperate Grasslands, Savannas & Shrublands","Palearctic"
755,"Khangai Mountains alpine meadow","Montane Grasslands & Shrublands","Palearctic"
700,"Khangai Mountains conifer forests","Temperate Conifer Forests","Palearctic"
295,"Khathiar-Gir dry deciduous forests","Tropical & Subtropical Dry Broadleaf Forests","Indomalayan"
186,"Kimberly tropical savanna","Tropical & Subtropical Grasslands, Savannas & Shrublands","Australasia"
313,"Kinabalu montane alpine meadows","Montane Grasslands & Shrublands","Indomalayan"
357,"Klamath-Siskiyou forests","Temperate Conifer Forests","Nearctic"
774,"Kola Peninsula tundra","Tundra","Palearctic"
829,"Kopet Dag semi-desert","Deserts & Xeric Shrublands","Palearctic"
756,"Kopet Dag woodlands and forest steppe","Montane Grasslands & Shrublands","Palearctic"
757,"Kuh Rud and Eastern Iran montane woodlands","Montane Grasslands & Shrublands","Palearctic"
16,"Kwazulu Natal-Cape coastal forests","Tropical & Subtropical Moist Broadleaf Forests","Afrotropic"
603,"La Costa xeric shrublands","Deserts & Xeric Shrublands","Neotropic"
72,"Lake Chad flooded savanna","Flooded Grasslands & Savannas","Afrotropic"
536,"Lara-Falc<U+00F3>n dry forests","Tropical & Subtropical Dry Broadleaf Forests","Neotropic"
475,"Leeward Islands moist forests","Tropical & Subtropical Moist Broadleaf Forests","Neotropic"
537,"Lesser Antillean dry forests","Tropical & Subtropical Dry Broadleaf Forests","Neotropic"
163,"Lesser Sundas deciduous forests","Tropical & Subtropical Dry Broadleaf Forests","Australasia"
48,"Limpopo lowveld","Tropical & Subtropical Grasslands, Savannas & Shrublands","Afrotropic"
572,"Llanos","Tropical & Subtropical Grasslands, Savannas & Shrublands","Neotropic"
143,"Louisiade Archipelago rain forests","Tropical & Subtropical Moist Broadleaf Forests","Australasia"
577,"Low Monte","Temperate Grasslands, Savannas & Shrublands","Neotropic"
238,"Lower Gangetic Plains moist deciduous forests","Tropical & Subtropical Moist Broadleaf Forests","Indomalayan"
239,"Luang Prabang montane rain forests","Tropical & Subtropical Moist Broadleaf Forests","Indomalayan"
240,"Luzon montane rain forests","Tropical & Subtropical Moist Broadleaf Forests","Indomalayan"
241,"Luzon rain forests","Tropical & Subtropical Moist Broadleaf Forests","Indomalayan"
303,"Luzon tropical pine forests","Tropical & Subtropical Coniferous Forests","Indomalayan"
32,"Madagascar dry deciduous forests","Tropical & Subtropical Dry Broadleaf Forests","Afrotropic"
83,"Madagascar ericoid thickets","Montane Grasslands & Shrublands","Afrotropic"
17,"Madagascar humid forests","Tropical & Subtropical Moist Broadleaf Forests","Afrotropic"
114,"Madagascar mangroves","Mangroves","Afrotropic"
99,"Madagascar spiny thickets","Deserts & Xeric Shrublands","Afrotropic"
18,"Madagascar subhumid forests","Tropical & Subtropical Moist Broadleaf Forests","Afrotropic"
100,"Madagascar succulent woodlands","Deserts & Xeric Shrublands","Afrotropic"
476,"Madeira-Tapaj<U+00F3>s moist forests","Tropical & Subtropical Moist Broadleaf Forests","Neotropic"
538,"Magdalena Valley dry forests","Tropical & Subtropical Dry Broadleaf Forests","Neotropic"
477,"Magdalena Valley montane forests","Tropical & Subtropical Moist Broadleaf Forests","Neotropic"
478,"Magdalena-Urab<U+00E1> moist forests","Tropical & Subtropical Moist Broadleaf Forests","Neotropic"
561,"Magellanic subpolar forests","Temperate Broadleaf & Mixed Forests","Neotropic"
73,"Makgadikgadi halophytics","Flooded Grasslands & Savannas","Afrotropic"
242,"Malabar Coast moist forests","Tropical & Subtropical Moist Broadleaf Forests","Indomalayan"
669,"Manchurian mixed forests","Temperate Broadleaf & Mixed Forests","Palearctic"
49,"Mandara Plateau woodlands","Tropical & Subtropical Grasslands, Savannas & Shrublands","Afrotropic"
19,"Maputaland coastal forests and woodlands","Tropical & Subtropical Moist Broadleaf Forests","Afrotropic"
479,"Mara<U+00F1><U+00F3>n dry forests","Tropical & Subtropical Moist Broadleaf Forests","Neotropic"
539,"Maracaibo dry forests","Tropical & Subtropical Dry Broadleaf Forests","Neotropic"
480,"Maraj<U+00F3> v<U+00E1>rzea","Tropical & Subtropical Moist Broadleaf Forests","Neotropic"
540,"Maranh<U+00E3>o Baba<U+00E7>u forests","Tropical & Subtropical Dry Broadleaf Forests","Neotropic"
637,"Marianas tropical dry forests","Tropical & Subtropical Dry Broadleaf Forests","Oceania"
625,"Marquesas tropical moist forests","Tropical & Subtropical Moist Broadleaf Forests","Oceania"
50,"Masai xeric grasslands and shrublands","Tropical & Subtropical Grasslands, Savannas & Shrublands","Afrotropic"
20,"Mascarene forests","Tropical & Subtropical Moist Broadleaf Forests","Afrotropic"
481,"Mato Grosso tropical dry forests","Tropical & Subtropical Moist Broadleaf Forests","Neotropic"
796,"Mediterranean Acacia-Argania dry woodlands and succulent thickets","Mediterranean Forests, Woodlands & Scrub","Palearctic"
758,"Mediterranean High Atlas juniper steppe","Montane Grasslands & Shrublands","Palearctic"
701,"Mediterranean conifer and mixed forests","Temperate Conifer Forests","Palearctic"
797,"Mediterranean dry woodlands and steppe","Mediterranean Forests, Woodlands & Scrub","Palearctic"
798,"Mediterranean woodlands and forests","Mediterranean Forests, Woodlands & Scrub","Palearctic"
244,"Meghalaya subtropical forests","Tropical & Subtropical Moist Broadleaf Forests","Indomalayan"
245,"Mentawai Islands rain forests","Tropical & Subtropical Moist Broadleaf Forests","Indomalayan"
432,"Meseta Central matorral","Deserts & Xeric Shrublands","Nearctic"
613,"Mesoamerican Gulf-Caribbean mangroves","Mangroves","Neotropic"
830,"Mesopotamian shrub desert","Deserts & Xeric Shrublands","Palearctic"
393,"Mid-Atlantic US coastal savannas","Temperate Grasslands, Savannas & Shrublands","Nearctic"
376,"Mid-Canada Boreal Plains forests","Boreal Forests/Taiga","Nearctic"
377,"Midwest Canadian Shield forests","Boreal Forests/Taiga","Nearctic"
246,"Mindanao montane rain forests","Tropical & Subtropical Moist Broadleaf Forests","Indomalayan"
247,"Mindanao-Eastern Visayas rain forests","Tropical & Subtropical Moist Broadleaf Forests","Indomalayan"
248,"Mindoro rain forests","Tropical & Subtropical Moist Broadleaf Forests","Indomalayan"
573,"Miskito pine forests","Tropical & Subtropical Grasslands, Savannas & Shrublands","Neotropic"
337,"Mississippi lowland forests","Temperate Broadleaf & Mixed Forests","Nearctic"
187,"Mitchell Grass Downs","Tropical & Subtropical Grasslands, Savannas & Shrublands","Australasia"
249,"Mizoram-Manipur-Kachin rain forests","Tropical & Subtropical Moist Broadleaf Forests","Indomalayan"
433,"Mojave desert","Deserts & Xeric Shrublands","Nearctic"
734,"Mongolian-Manchurian grassland","Temperate Grasslands, Savannas & Shrublands","Palearctic"
394,"Montana Valley and Foothill grasslands","Temperate Grasslands, Savannas & Shrublands","Nearctic"
482,"Monte Alegre v<U+00E1>rzea","Tropical & Subtropical Moist Broadleaf Forests","Neotropic"
605,"Motagua Valley thornscrub","Deserts & Xeric Shrublands","Neotropic"
21,"Mount Cameroon and Bioko montane forests","Tropical & Subtropical Moist Broadleaf Forests","Afrotropic"
84,"Mulanje Montane forest-grassland","Montane Grasslands & Shrublands","Afrotropic"
203,"Murray-Darling woodlands and mallee","Mediterranean Forests, Woodlands & Scrub","Australasia"
378,"Muskwa-Slave Lake taiga","Boreal Forests/Taiga","Nearctic"
321,"Myanmar Coast mangroves","Mangroves","Indomalayan"
250,"Myanmar coastal rain forests","Tropical & Subtropical Moist Broadleaf Forests","Indomalayan"
101,"Nama Karoo shrublands","Deserts & Xeric Shrublands","Afrotropic"
102,"Namaqualand-Richtersveld steppe","Deserts & Xeric Shrublands","Afrotropic"
103,"Namib Desert","Deserts & Xeric Shrublands","Afrotropic"
104,"Namibian savanna woodlands","Deserts & Xeric Shrublands","Afrotropic"
251,"Nansei Islands subtropical evergreen forests","Tropical & Subtropical Moist Broadleaf Forests","Indomalayan"
483,"Napo moist forests","Tropical & Subtropical Moist Broadleaf Forests","Neotropic"
204,"Naracoorte woodlands","Mediterranean Forests, Woodlands & Scrub","Australasia"
296,"Narmada Valley dry deciduous forests","Tropical & Subtropical Dry Broadleaf Forests","Indomalayan"
395,"Nebraska Sand Hills mixed grasslands","Temperate Grasslands, Savannas & Shrublands","Nearctic"
484,"Negro-Branco moist forests","Tropical & Subtropical Moist Broadleaf Forests","Neotropic"
170,"Nelson Coast temperate forests","Temperate Broadleaf & Mixed Forests","Australasia"
743,"Nenjiang River grassland","Flooded Grasslands & Savannas","Palearctic"
144,"New Britain-New Ireland lowland rain forests","Tropical & Subtropical Moist Broadleaf Forests","Australasia"
145,"New Britain-New Ireland montane rain forests","Tropical & Subtropical Moist Broadleaf Forests","Australasia"
164,"New Caledonia dry forests","Tropical & Subtropical Dry Broadleaf Forests","Australasia"
146,"New Caledonia rain forests","Tropical & Subtropical Moist Broadleaf Forests","Australasia"
338,"New England-Acadian forests","Temperate Broadleaf & Mixed Forests","Nearctic"
217,"New Guinea mangroves","Mangroves","Australasia"
171,"New Zealand North Island temperate forests","Temperate Broadleaf & Mixed Forests","Australasia"
194,"New Zealand South Island montane grasslands","Montane Grasslands & Shrublands","Australasia"
172,"New Zealand South Island temperate forests","Temperate Broadleaf & Mixed Forests","Australasia"
252,"Nicobar Islands rain forests","Tropical & Subtropical Moist Broadleaf Forests","Indomalayan"
22,"Niger Delta swamp forests","Tropical & Subtropical Moist Broadleaf Forests","Afrotropic"
23,"Nigerian lowland forests","Tropical & Subtropical Moist Broadleaf Forests","Afrotropic"
670,"Nihonkai evergreen forests","Temperate Broadleaf & Mixed Forests","Palearctic"
671,"Nihonkai montane deciduous forests","Temperate Broadleaf & Mixed Forests","Palearctic"
744,"Nile Delta flooded savanna","Flooded Grasslands & Savannas","Palearctic"
831,"North Arabian desert","Deserts & Xeric Shrublands","Palearctic"
832,"North Arabian highland shrublands","Deserts & Xeric Shrublands","Palearctic"
672,"North Atlantic moist mixed forests","Temperate Broadleaf & Mixed Forests","Palearctic"
358,"North Cascades conifer forests","Temperate Conifer Forests","Nearctic"
297,"North Deccan dry deciduous forests","Tropical & Subtropical Dry Broadleaf Forests","Indomalayan"
833,"North Saharan Xeric Steppe and Woodland","Deserts & Xeric Shrublands","Palearctic"
759,"North Tibetan Plateau-Kunlun Mountains alpine desert","Montane Grasslands & Shrublands","Palearctic"
253,"North Western Ghats moist deciduous forests","Tropical & Subtropical Moist Broadleaf Forests","Indomalayan"
254,"North Western Ghats montane rain forests","Tropical & Subtropical Moist Broadleaf Forests","Indomalayan"
485,"Northeast Brazil restingas","Tropical & Subtropical Moist Broadleaf Forests","Neotropic"
673,"Northeast China Plain deciduous forests","Temperate Broadleaf & Mixed Forests","Palearctic"
24,"Northeast Congolian lowland forests","Tropical & Subtropical Moist Broadleaf Forests","Afrotropic"
702,"Northeast Himalayan subalpine conifer forests","Temperate Conifer Forests","Palearctic"
304,"Northeast India-Myanmar pine forests","Tropical & Subtropical Coniferous Forests","Indomalayan"
775,"Northeast Siberian coastal tundra","Tundra","Palearctic"
714,"Northeast Siberian taiga","Boreal Forests/Taiga","Palearctic"
799,"Northeast Spain and Southern France Mediterranean forests","Mediterranean Forests, Woodlands & Scrub","Palearctic"
339,"Northeast US Coastal forests","Temperate Broadleaf & Mixed Forests","Nearctic"
51,"Northern Acacia-Commiphora bushlands and thickets","Tropical & Subtropical Grasslands, Savannas & Shrublands","Afrotropic"
703,"Northern Anatolian conifer and deciduous forests","Temperate Conifer Forests","Palearctic"
593,"Northern Andean p<U+00E1>ramo","Montane Grasslands & Shrublands","Neotropic"
255,"Northern Annamites rain forests","Tropical & Subtropical Moist Broadleaf Forests","Indomalayan"
359,"Northern California coastal forests","Temperate Conifer Forests","Nearctic"
379,"Northern Canadian Shield taiga","Boreal Forests/Taiga","Nearctic"
52,"Northern Congolian Forest-Savanna","Tropical & Subtropical Grasslands, Savannas & Shrublands","Afrotropic"
380,"Northern Cordillera forests","Boreal Forests/Taiga","Nearctic"
256,"Northern Indochina subtropical forests","Tropical & Subtropical Moist Broadleaf Forests","Indomalayan"
257,"Northern Khorat Plateau moist deciduous forests","Tropical & Subtropical Moist Broadleaf Forests","Indomalayan"
614,"Northern Mesoamerican Pacific mangroves","Mangroves","Neotropic"
148,"Northern New Guinea lowland rain and freshwater swamp forests","Tropical & Subtropical Moist Broadleaf Forests","Australasia"
149,"Northern New Guinea montane rain forests","Tropical & Subtropical Moist Broadleaf Forests","Australasia"
360,"Northern Pacific Alaskan coastal forests","Temperate Conifer Forests","Nearctic"
361,"Northern Rockies conifer forests","Temperate Conifer Forests","Nearctic"
396,"Northern Shortgrass prairie","Temperate Grasslands, Savannas & Shrublands","Nearctic"
25,"Northern Swahili coastal forests","Tropical & Subtropical Moist Broadleaf Forests","Afrotropic"
397,"Northern Tallgrass prairie","Temperate Grasslands, Savannas & Shrublands","Nearctic"
258,"Northern Thailand-Laos moist deciduous forests","Tropical & Subtropical Moist Broadleaf Forests","Indomalayan"
259,"Northern Triangle subtropical forests","Tropical & Subtropical Moist Broadleaf Forests","Indomalayan"
307,"Northern Triangle temperate forests","Temperate Broadleaf & Mixed Forests","Indomalayan"
260,"Northern Vietnam lowland rain forests","Tropical & Subtropical Moist Broadleaf Forests","Indomalayan"
173,"Northland temperate kauri forests","Temperate Broadleaf & Mixed Forests","Australasia"
486,"Northwest Andean montane forests","Tropical & Subtropical Moist Broadleaf Forests","Neotropic"
26,"Northwest Congolian lowland forests","Tropical & Subtropical Moist Broadleaf Forests","Afrotropic"
800,"Northwest Iberian montane forests","Mediterranean Forests, Woodlands & Scrub","Palearctic"
776,"Northwest Russian-Novaya Zemlya tundra","Tundra","Palearctic"
381,"Northwest Territories taiga","Boreal Forests/Taiga","Nearctic"
760,"Northwestern Himalayan alpine shrub and meadows","Montane Grasslands & Shrublands","Palearctic"
777,"Novosibirsk Islands Arctic desert","Tundra","Palearctic"
704,"Nujiang Langcang Gorge alpine conifer and mixed forests","Temperate Conifer Forests","Palearctic"
212,"Nullarbor Plains xeric shrublands","Deserts & Xeric Shrublands","Australasia"
85,"Nyanga-Chimanimani Montane forest-grassland","Montane Grasslands & Shrublands","Afrotropic"
487,"Oaxacan montane forests","Tropical & Subtropical Moist Broadleaf Forests","Neotropic"
419,"Ogilvie-MacKenzie alpine tundra","Tundra","Nearctic"
362,"Okanogan dry forests","Temperate Conifer Forests","Nearctic"
715,"Okhotsk-Manchurian taiga","Boreal Forests/Taiga","Palearctic"
761,"Ordos Plateau steppe","Montane Grasslands & Shrublands","Palearctic"
488,"Orinoco Delta swamp forests","Tropical & Subtropical Moist Broadleaf Forests","Neotropic"
583,"Orinoco wetlands","Flooded Grasslands & Savannas","Neotropic"
261,"Orissa semi-evergreen forests","Tropical & Subtropical Moist Broadleaf Forests","Indomalayan"
340,"Ozark Highlands mixed forests","Temperate Broadleaf & Mixed Forests","Nearctic"
341,"Ozark Mountain forests","Temperate Broadleaf & Mixed Forests","Nearctic"
420,"Pacific Coastal Mountain icefields and tundra","Tundra","Nearctic"
627,"Palau tropical moist forests","Tropical & Subtropical Moist Broadleaf Forests","Oceania"
262,"Palawan rain forests","Tropical & Subtropical Moist Broadleaf Forests","Indomalayan"
398,"Palouse prairie","Temperate Grasslands, Savannas & Shrublands","Nearctic"
762,"Pamir alpine desert and tundra","Montane Grasslands & Shrublands","Palearctic"
541,"Panamanian dry forests","Tropical & Subtropical Dry Broadleaf Forests","Neotropic"
674,"Pannonian mixed forests","Temperate Broadleaf & Mixed Forests","Palearctic"
584,"Pantanal","Flooded Grasslands & Savannas","Neotropic"
489,"Pantanos de Centla","Tropical & Subtropical Moist Broadleaf Forests","Neotropic"
490,"Pantepui forests & shrublands","Tropical & Subtropical Moist Broadleaf Forests","Neotropic"
195,"Papuan Central Range sub-alpine grasslands","Montane Grasslands & Shrublands","Australasia"
606,"Paraguan<U+00E1> xeric scrub","Deserts & Xeric Shrublands","Neotropic"
585,"Paran<U+00E1> flooded savanna","Flooded Grasslands & Savannas","Neotropic"
834,"Paropamisus xeric woodlands","Deserts & Xeric Shrublands","Palearctic"
542,"Pat<U+00ED>a valley dry forests","Tropical & Subtropical Dry Broadleaf Forests","Neotropic"
578,"Patagonian steppe","Temperate Grasslands, Savannas & Shrublands","Neotropic"
263,"Peninsular Malaysian montane rain forests","Tropical & Subtropical Moist Broadleaf Forests","Indomalayan"
264,"Peninsular Malaysian peat swamp forests","Tropical & Subtropical Moist Broadleaf Forests","Indomalayan"
265,"Peninsular Malaysian rain forests","Tropical & Subtropical Moist Broadleaf Forests","Indomalayan"
491,"Pernambuco coastal forests","Tropical & Subtropical Moist Broadleaf Forests","Neotropic"
492,"Pernambuco interior forests","Tropical & Subtropical Moist Broadleaf Forests","Neotropic"
493,"Peruvian Yungas","Tropical & Subtropical Moist Broadleaf Forests","Neotropic"
494,"Pet<U+00E9>n-Veracruz moist forests","Tropical & Subtropical Moist Broadleaf Forests","Neotropic"
213,"Pilbara shrublands","Deserts & Xeric Shrublands","Australasia"
801,"Pindus Mountains mixed forests","Mediterranean Forests, Woodlands & Scrub","Palearctic"
363,"Piney Woods","Temperate Conifer Forests","Nearctic"
675,"Po Basin mixed forests","Temperate Broadleaf & Mixed Forests","Palearctic"
735,"Pontic steppe","Temperate Grasslands, Savannas & Shrublands","Palearctic"
543,"Puerto Rican dry forests","Tropical & Subtropical Dry Broadleaf Forests","Neotropic"
495,"Puerto Rican moist forests","Tropical & Subtropical Moist Broadleaf Forests","Neotropic"
364,"Puget lowland forests","Temperate Conifer Forests","Nearctic"
496,"Purus v<U+00E1>rzea","Tropical & Subtropical Moist Broadleaf Forests","Neotropic"
497,"Purus-Madeira moist forests","Tropical & Subtropical Moist Broadleaf Forests","Neotropic"
676,"Pyrenees conifer and mixed forests","Temperate Broadleaf & Mixed Forests","Palearctic"
835,"Qaidam Basin semi-desert","Deserts & Xeric Shrublands","Palearctic"
705,"Qilian Mountains conifer forests","Temperate Conifer Forests","Palearctic"
763,"Qilian Mountains subalpine meadows","Montane Grasslands & Shrublands","Palearctic"
677,"Qin Ling Mountains deciduous forests","Temperate Broadleaf & Mixed Forests","Palearctic"
706,"Qionglai-Minshan conifer forests","Temperate Conifer Forests","Palearctic"
365,"Queen Charlotte Islands conifer forests","Temperate Conifer Forests","Nearctic"
150,"Queensland tropical rain forests","Tropical & Subtropical Moist Broadleaf Forests","Australasia"
174,"Rakiura Island temperate forests","Temperate Broadleaf & Mixed Forests","Australasia"
312,"Rann of Kutch seasonal salt marsh","Flooded Grasslands & Savannas","Indomalayan"
628,"Rapa Nui and Sala y G<U+00F3>mez subtropical forests","Tropical & Subtropical Moist Broadleaf Forests","Oceania"
266,"Red River freshwater swamp forests","Tropical & Subtropical Moist Broadleaf Forests","Indomalayan"
836,"Red Sea coastal desert","Deserts & Xeric Shrublands","Palearctic"
115,"Red Sea mangroves","Mangroves","Afrotropic"
837,"Red Sea-Arabian Desert shrublands","Deserts & Xeric Shrublands","Palearctic"
838,"Registan-North Pakistan sandy desert","Deserts & Xeric Shrublands","Palearctic"
90,"Renosterveld shrubland","Mediterranean Forests, Woodlands & Scrub","Afrotropic"
175,"Richmond temperate forests","Temperate Broadleaf & Mixed Forests","Australasia"
498,"Rio Negro campinarana","Tropical & Subtropical Moist Broadleaf Forests","Neotropic"
0,"Rock and Ice","N/A","N/A"
678,"Rodope montane mixed forests","Temperate Broadleaf & Mixed Forests","Palearctic"
778,"Russian Arctic desert","Tundra","Palearctic"
779,"Russian Bering tundra","Tundra","Palearctic"
86,"Rwenzori-Virunga montane moorlands","Montane Grasslands & Shrublands","Afrotropic"
27,"S<U+00E3>o Tom<U+00E9>, Pr<U+00ED>ncipe, and Annob<U+00F3>n forests","Tropical & Subtropical Moist Broadleaf Forests","Afrotropic"
839,"Saharan Atlantic coastal desert","Deserts & Xeric Shrublands","Palearctic"
745,"Saharan halophytics","Flooded Grasslands & Savannas","Palearctic"
53,"Sahelian Acacia savanna","Tropical & Subtropical Grasslands, Savannas & Shrublands","Afrotropic"
716,"Sakhalin Island taiga","Boreal Forests/Taiga","Palearctic"
629,"Samoan tropical moist forests","Tropical & Subtropical Moist Broadleaf Forests","Oceania"
607,"San Lucan xeric scrub","Deserts & Xeric Shrublands","Neotropic"
425,"Santa Lucia Montane Chaparral & Woodlands","Mediterranean Forests, Woodlands & Scrub","Nearctic"
499,"Santa Marta montane forests","Tropical & Subtropical Moist Broadleaf Forests","Neotropic"
594,"Santa Marta p<U+00E1>ramo","Montane Grasslands & Shrublands","Neotropic"
679,"Sarmatic mixed forests","Temperate Broadleaf & Mixed Forests","Palearctic"
736,"Sayan Intermontane steppe","Temperate Grasslands, Savannas & Shrublands","Palearctic"
764,"Sayan alpine meadows and tundra","Montane Grasslands & Shrublands","Palearctic"
707,"Sayan montane conifer forests","Temperate Conifer Forests","Palearctic"
780,"Scandinavian Montane Birch forest and grasslands","Tundra","Palearctic"
717,"Scandinavian and Russian taiga","Boreal Forests/Taiga","Palearctic"
708,"Scandinavian coastal conifer forests","Temperate Conifer Forests","Palearctic"
129,"Scotia Sea Islands tundra","Tundra","Antarctica"
608,"Sechura desert","Deserts & Xeric Shrublands","Neotropic"
737,"Selenge-Orkhon forest steppe","Temperate Grasslands, Savannas & Shrublands","Palearctic"
151,"Seram rain forests","Tropical & Subtropical Moist Broadleaf Forests","Australasia"
500,"Serra do Mar coastal forests","Tropical & Subtropical Moist Broadleaf Forests","Neotropic"
680,"Sichuan Basin evergreen broadleaf forests","Temperate Broadleaf & Mixed Forests","Palearctic"
326,"Sierra Madre Occidental pine-oak forests","Tropical & Subtropical Coniferous Forests","Nearctic"
327,"Sierra Madre Oriental pine-oak forests","Tropical & Subtropical Coniferous Forests","Nearctic"
502,"Sierra Madre de Chiapas moist forests","Tropical & Subtropical Moist Broadleaf Forests","Neotropic"
557,"Sierra Madre de Oaxaca pine-oak forests","Tropical & Subtropical Coniferous Forests","Neotropic"
558,"Sierra Madre del Sur pine-oak forests","Tropical & Subtropical Coniferous Forests","Neotropic"
366,"Sierra Nevada forests","Temperate Conifer Forests","Nearctic"
544,"Sierra de la Laguna dry forests","Tropical & Subtropical Dry Broadleaf Forests","Neotropic"
556,"Sierra de la Laguna pine-oak forests","Tropical & Subtropical Coniferous Forests","Neotropic"
501,"Sierra de los Tuxtlas","Tropical & Subtropical Moist Broadleaf Forests","Neotropic"
214,"Simpson desert","Deserts & Xeric Shrublands","Australasia"
546,"Sin<U+00FA> Valley dry forests","Tropical & Subtropical Dry Broadleaf Forests","Neotropic"
545,"Sinaloan dry forests","Tropical & Subtropical Dry Broadleaf Forests","Neotropic"
434,"Snake-Columbia shrub steppe","Deserts & Xeric Shrublands","Nearctic"
630,"Society Islands tropical moist forests","Tropical & Subtropical Moist Broadleaf Forests","Oceania"
105,"Socotra Island xeric shrublands","Deserts & Xeric Shrublands","Afrotropic"
503,"Solim<U+00F5>es-Japur<U+00E1> moist forests","Tropical & Subtropical Moist Broadleaf Forests","Neotropic"
152,"Solomon Islands rain forests","Tropical & Subtropical Moist Broadleaf Forests","Australasia"
55,"Somali Acacia-Commiphora bushlands and thickets","Tropical & Subtropical Grasslands, Savannas & Shrublands","Afrotropic"
106,"Somali montane xeric woodlands","Deserts & Xeric Shrublands","Afrotropic"
435,"Sonoran desert","Deserts & Xeric Shrublands","Nearctic"
324,"Sonoran-Sinaloan subtropical dry forest","Tropical & Subtropical Dry Broadleaf Forests","Nearctic"
615,"South American Pacific mangroves","Mangroves","Neotropic"
802,"South Apennine mixed montane forests","Mediterranean Forests, Woodlands & Scrub","Palearctic"
56,"South Arabian fog woodlands, shrublands, and dune","Tropical & Subtropical Grasslands, Savannas & Shrublands","Afrotropic"
840,"South Arabian plains and plateau desert","Deserts & Xeric Shrublands","Palearctic"
367,"South Central Rockies forests","Temperate Conifer Forests","Nearctic"
268,"South China-Vietnam subtropical evergreen forests","Tropical & Subtropical Moist Broadleaf Forests","Indomalayan"
298,"South Deccan Plateau dry deciduous forests","Tropical & Subtropical Dry Broadleaf Forests","Indomalayan"
841,"South Iran Nubo-Sindian desert and semi-desert","Deserts & Xeric Shrublands","Palearctic"
131,"South Orkney Islands tundra","Tundra","Antarctica"
842,"South Sahara desert","Deserts & Xeric Shrublands","Palearctic"
738,"South Siberian forest steppe","Temperate Grasslands, Savannas & Shrublands","Palearctic"
269,"South Taiwan monsoon rain forests","Tropical & Subtropical Moist Broadleaf Forests","Indomalayan"
270,"South Western Ghats moist deciduous forests","Tropical & Subtropical Moist Broadleaf Forests","Indomalayan"
271,"South Western Ghats montane rain forests","Tropical & Subtropical Moist Broadleaf Forests","Indomalayan"
176,"Southeast Australia temperate forests","Temperate Broadleaf & Mixed Forests","Australasia"
192,"Southeast Australia temperate savanna","Temperate Grasslands, Savannas & Shrublands","Australasia"
803,"Southeast Iberian shrubs and woodlands","Mediterranean Forests, Woodlands & Scrub","Palearctic"
299,"Southeast Indochina dry evergreen forests","Tropical & Subtropical Dry Broadleaf Forests","Indomalayan"
153,"Southeast Papuan rain forests","Tropical & Subtropical Moist Broadleaf Forests","Australasia"
765,"Southeast Tibet shrublands and meadows","Montane Grasslands & Shrublands","Palearctic"
399,"Southeast US conifer savannas","Temperate Grasslands, Savannas & Shrublands","Nearctic"
57,"Southern Acacia-Commiphora bushlands and thickets","Tropical & Subtropical Grasslands, Savannas & Shrublands","Afrotropic"
116,"Southern Africa mangroves","Mangroves","Afrotropic"
804,"Southern Anatolian montane conifer and deciduous forests","Mediterranean Forests, Woodlands & Scrub","Palearctic"
504,"Southern Andean Yungas","Tropical & Subtropical Moist Broadleaf Forests","Neotropic"
595,"Southern Andean steppe","Montane Grasslands & Shrublands","Neotropic"
272,"Southern Annamites montane rain forests","Tropical & Subtropical Moist Broadleaf Forests","Indomalayan"
616,"Southern Atlantic Brazilian mangroves","Mangroves","Neotropic"
586,"Southern Cone Mesopotamian savanna","Flooded Grasslands & Savannas","Neotropic"
58,"Southern Congolian forest-savanna","Tropical & Subtropical Grasslands, Savannas & Shrublands","Afrotropic"
342,"Southern Great Lakes forests","Temperate Broadleaf & Mixed Forests","Nearctic"
382,"Southern Hudson Bay taiga","Boreal Forests/Taiga","Nearctic"
133,"Southern Indian Ocean Islands tundra","Tundra","Antarctica"
681,"Southern Korea evergreen forests","Temperate Broadleaf & Mixed Forests","Palearctic"
617,"Southern Mesoamerican Pacific mangroves","Mangroves","Neotropic"
154,"Southern New Guinea freshwater swamp forests","Tropical & Subtropical Moist Broadleaf Forests","Australasia"
155,"Southern New Guinea lowland rain forests","Tropical & Subtropical Moist Broadleaf Forests","Australasia"
547,"Southern Pacific dry forests","Tropical & Subtropical Dry Broadleaf Forests","Neotropic"
87,"Southern Rift Montane forest-grassland","Montane Grasslands & Shrublands","Afrotropic"
28,"Southern Swahili coastal forests and woodlands","Tropical & Subtropical Moist Broadleaf Forests","Afrotropic"
300,"Southern Vietnam lowland dry forests","Tropical & Subtropical Dry Broadleaf Forests","Indomalayan"
505,"Southwest Amazon moist forests","Tropical & Subtropical Moist Broadleaf Forests","Neotropic"
108,"Southwest Arabian Escarpment shrublands and woodlands","Deserts & Xeric Shrublands","Afrotropic"
107,"Southwest Arabian coastal xeric shrublands","Deserts & Xeric Shrublands","Afrotropic"
109,"Southwest Arabian highland xeric scrub","Deserts & Xeric Shrublands","Afrotropic"
59,"Southwest Arabian montane woodlands and grasslands","Tropical & Subtropical Grasslands, Savannas & Shrublands","Afrotropic"
205,"Southwest Australia savanna","Mediterranean Forests, Woodlands & Scrub","Australasia"
206,"Southwest Australia woodlands","Mediterranean Forests, Woodlands & Scrub","Australasia"
273,"Southwest Borneo freshwater swamp forests","Tropical & Subtropical Moist Broadleaf Forests","Indomalayan"
805,"Southwest Iberian Mediterranean sclerophyllous and mixed forests","Mediterranean Forests, Woodlands & Scrub","Palearctic"
301,"Sri Lanka dry-zone dry evergreen forests","Tropical & Subtropical Dry Broadleaf Forests","Indomalayan"
274,"Sri Lanka lowland rain forests","Tropical & Subtropical Moist Broadleaf Forests","Indomalayan"
275,"Sri Lanka montane rain forests","Tropical & Subtropical Moist Broadleaf Forests","Indomalayan"
110,"Succulent Karoo xeric shrublands","Deserts & Xeric Shrublands","Afrotropic"
74,"Sudd flooded grasslands","Flooded Grasslands & Savannas","Afrotropic"
746,"Suiphun-Khanka meadows and forest meadows","Flooded Grasslands & Savannas","Palearctic"
766,"Sulaiman Range alpine meadows","Montane Grasslands & Shrublands","Palearctic"
156,"Sulawesi lowland rain forests","Tropical & Subtropical Moist Broadleaf Forests","Australasia"
157,"Sulawesi montane rain forests","Tropical & Subtropical Moist Broadleaf Forests","Australasia"
276,"Sulu Archipelago rain forests","Tropical & Subtropical Moist Broadleaf Forests","Indomalayan"
277,"Sumatran freshwater swamp forests","Tropical & Subtropical Moist Broadleaf Forests","Indomalayan"
278,"Sumatran lowland rain forests","Tropical & Subtropical Moist Broadleaf Forests","Indomalayan"
279,"Sumatran montane rain forests","Tropical & Subtropical Moist Broadleaf Forests","Indomalayan"
280,"Sumatran peat swamp forests","Tropical & Subtropical Moist Broadleaf Forests","Indomalayan"
305,"Sumatran tropical pine forests","Tropical & Subtropical Coniferous Forests","Indomalayan"
165,"Sumba deciduous forests","Tropical & Subtropical Dry Broadleaf Forests","Australasia"
322,"Sunda Shelf mangroves","Mangroves","Indomalayan"
281,"Sundaland heath forests","Tropical & Subtropical Moist Broadleaf Forests","Indomalayan"
282,"Sundarbans freshwater swamp forests","Tropical & Subtropical Moist Broadleaf Forests","Indomalayan"
323,"Sundarbans mangroves","Mangroves","Indomalayan"
739,"Syrian xeric grasslands and shrublands","Temperate Grasslands, Savannas & Shrublands","Palearctic"
682,"Taiheiyo evergreen forests","Temperate Broadleaf & Mixed Forests","Palearctic"
683,"Taiheiyo montane deciduous forests","Temperate Broadleaf & Mixed Forests","Palearctic"
781,"Taimyr-Central Siberian tundra","Tundra","Palearctic"
283,"Taiwan subtropical evergreen forests","Tropical & Subtropical Moist Broadleaf Forests","Indomalayan"
843,"Taklimakan desert","Deserts & Xeric Shrublands","Palearctic"
506,"Talamancan montane forests","Tropical & Subtropical Moist Broadleaf Forests","Neotropic"
436,"Tamaulipan matorral","Deserts & Xeric Shrublands","Nearctic"
437,"Tamaulipan mezquital","Deserts & Xeric Shrublands","Nearctic"
507,"Tapaj<U+00F3>s-Xingu moist forests","Tropical & Subtropical Moist Broadleaf Forests","Neotropic"
684,"Tarim Basin deciduous forests and steppe","Temperate Broadleaf & Mixed Forests","Palearctic"
177,"Tasmanian Central Highland forests","Temperate Broadleaf & Mixed Forests","Australasia"
178,"Tasmanian temperate forests","Temperate Broadleaf & Mixed Forests","Australasia"
179,"Tasmanian temperate rain forests","Temperate Broadleaf & Mixed Forests","Australasia"
610,"Tehuac<U+00E1>n Valley matorral","Deserts & Xeric Shrublands","Neotropic"
284,"Tenasserim-South Thailand semi-evergreen rain forests","Tropical & Subtropical Moist Broadleaf Forests","Indomalayan"
311,"Terai-Duar savanna and grasslands","Tropical & Subtropical Grasslands, Savannas & Shrublands","Indomalayan"
401,"Texas blackland prairies","Temperate Grasslands, Savannas & Shrublands","Nearctic"
318,"Thar desert","Deserts & Xeric Shrublands","Indomalayan"
740,"Tian Shan foothill arid steppe","Temperate Grasslands, Savannas & Shrublands","Palearctic"
709,"Tian Shan montane conifer forests","Temperate Conifer Forests","Palearctic"
767,"Tian Shan montane steppe and meadows","Montane Grasslands & Shrublands","Palearctic"
844,"Tibesti-Jebel Uweinat montane xeric woodlands","Deserts & Xeric Shrublands","Palearctic"
768,"Tibetan Plateau alpine shrublands and meadows","Montane Grasslands & Shrublands","Palearctic"
747,"Tigris-Euphrates alluvial salt marsh","Flooded Grasslands & Savannas","Palearctic"
166,"Timor and Wetar deciduous forests","Tropical & Subtropical Dry Broadleaf Forests","Australasia"
215,"Tirari-Sturt stony desert","Deserts & Xeric Shrublands","Australasia"
508,"Tocantins/Pindare moist forests","Tropical & Subtropical Moist Broadleaf Forests","Neotropic"
631,"Tongan tropical moist forests","Tropical & Subtropical Moist Broadleaf Forests","Oceania"
285,"Tonle Sap freshwater swamp forests","Tropical & Subtropical Moist Broadleaf Forests","Indomalayan"
286,"Tonle Sap-Mekong peat swamp forests","Tropical & Subtropical Moist Broadleaf Forests","Indomalayan"
421,"Torngat Mountain tundra","Tundra","Nearctic"
188,"Trans Fly savanna and grasslands","Tropical & Subtropical Grasslands, Savannas & Shrublands","Australasia"
782,"Trans-Baikal Bald Mountain tundra","Tundra","Palearctic"
718,"Trans-Baikal conifer forests","Boreal Forests/Taiga","Palearctic"
559,"Trans-Mexican Volcanic Belt pine-oak forests","Tropical & Subtropical Coniferous Forests","Neotropic"
510,"Trinidad and Tobago moist forest","Tropical & Subtropical Moist Broadleaf Forests","Neotropic"
158,"Trobriand Islands rain forests","Tropical & Subtropical Moist Broadleaf Forests","Australasia"
632,"Tuamotu tropical moist forests","Tropical & Subtropical Moist Broadleaf Forests","Oceania"
549,"Tumbes-Piura dry forests","Tropical & Subtropical Dry Broadleaf Forests","Neotropic"
806,"Tyrrhenian-Adriatic sclerophyllous and mixed forests","Mediterranean Forests, Woodlands & Scrub","Palearctic"
511,"Uatum<U+00E3>-Trombetas moist forests","Tropical & Subtropical Moist Broadleaf Forests","Neotropic"
512,"Ucayali moist forests","Tropical & Subtropical Moist Broadleaf Forests","Neotropic"
287,"Upper Gangetic Plains moist deciduous forests","Tropical & Subtropical Moist Broadleaf Forests","Indomalayan"
343,"Upper Midwest US forest-savanna transition","Temperate Broadleaf & Mixed Forests","Nearctic"
719,"Urals montane forest and taiga","Boreal Forests/Taiga","Palearctic"
574,"Uruguayan savanna","Tropical & Subtropical Grasslands, Savannas & Shrublands","Neotropic"
685,"Ussuri broadleaf and mixed forests","Temperate Broadleaf & Mixed Forests","Palearctic"
563,"Valdivian temperate forests","Temperate Broadleaf & Mixed Forests","Neotropic"
159,"Vanuatu rain forests","Tropical & Subtropical Moist Broadleaf Forests","Australasia"
513,"Venezuelan Andes montane forests","Tropical & Subtropical Moist Broadleaf Forests","Neotropic"
550,"Veracruz dry forests","Tropical & Subtropical Dry Broadleaf Forests","Neotropic"
514,"Veracruz moist forests","Tropical & Subtropical Moist Broadleaf Forests","Neotropic"
515,"Veracruz montane forests","Tropical & Subtropical Moist Broadleaf Forests","Neotropic"
61,"Victoria Basin forest-savanna","Tropical & Subtropical Grasslands, Savannas & Shrublands","Afrotropic"
189,"Victoria Plains tropical savanna","Tropical & Subtropical Grasslands, Savannas & Shrublands","Australasia"
160,"Vogelkop montane rain forests","Tropical & Subtropical Moist Broadleaf Forests","Australasia"
161,"Vogelkop-Aru lowland rain forests","Tropical & Subtropical Moist Broadleaf Forests","Australasia"
368,"Wasatch and Uinta montane forests","Temperate Conifer Forests","Nearctic"
383,"Watson Highlands taiga","Boreal Forests/Taiga","Nearctic"
845,"West Sahara desert","Deserts & Xeric Shrublands","Palearctic"
846,"West Saharan montane xeric woodlands","Deserts & Xeric Shrublands","Palearctic"
720,"West Siberian taiga","Boreal Forests/Taiga","Palearctic"
62,"West Sudanian savanna","Tropical & Subtropical Grasslands, Savannas & Shrublands","Afrotropic"
216,"Western Australian Mulga shrublands","Deserts & Xeric Shrublands","Australasia"
63,"Western Congolian forest-savanna","Tropical & Subtropical Grasslands, Savannas & Shrublands","Afrotropic"
29,"Western Congolian swamp forests","Tropical & Subtropical Moist Broadleaf Forests","Afrotropic"
516,"Western Ecuador moist forests","Tropical & Subtropical Moist Broadleaf Forests","Neotropic"
686,"Western European broadleaf forests","Temperate Broadleaf & Mixed Forests","Palearctic"
344,"Western Great Lakes forests","Temperate Broadleaf & Mixed Forests","Nearctic"
30,"Western Guinean lowland forests","Tropical & Subtropical Moist Broadleaf Forests","Afrotropic"
384,"Western Gulf coastal grasslands","Tropical & Subtropical Grasslands, Savannas & Shrublands","Nearctic"
769,"Western Himalayan alpine shrub and meadows","Montane Grasslands & Shrublands","Palearctic"
308,"Western Himalayan broadleaf forests","Temperate Broadleaf & Mixed Forests","Indomalayan"
310,"Western Himalayan subalpine conifer forests","Temperate Conifer Forests","Indomalayan"
288,"Western Java montane rain forests","Tropical & Subtropical Moist Broadleaf Forests","Indomalayan"
289,"Western Java rain forests","Tropical & Subtropical Moist Broadleaf Forests","Indomalayan"
687,"Western Siberian hemiboreal forests","Temperate Broadleaf & Mixed Forests","Palearctic"
402,"Western shortgrass prairie","Temperate Grasslands, Savannas & Shrublands","Nearctic"
180,"Westland temperate forests","Temperate Broadleaf & Mixed Forests","Australasia"
403,"Willamette Valley oak savanna","Temperate Grasslands, Savannas & Shrublands","Nearctic"
517,"Windward Islands moist forests","Tropical & Subtropical Moist Broadleaf Forests","Neotropic"
783,"Wrangel Island Arctic desert","Tundra","Palearctic"
438,"Wyoming Basin shrub steppe","Deserts & Xeric Shrublands","Nearctic"
518,"Xingu-Tocantins-Araguaia moist forests","Tropical & Subtropical Moist Broadleaf Forests","Neotropic"
784,"Yamal-Gydan tundra","Tundra","Palearctic"
162,"Yapen rain forests","Tropical & Subtropical Moist Broadleaf Forests","Australasia"
770,"Yarlung Zanbo arid steppe","Montane Grasslands & Shrublands","Palearctic"
748,"Yellow Sea saline meadow","Flooded Grasslands & Savannas","Palearctic"
551,"Yucat<U+00E1>n dry forests","Tropical & Subtropical Dry Broadleaf Forests","Neotropic"
519,"Yucat<U+00E1>n moist forests","Tropical & Subtropical Moist Broadleaf Forests","Neotropic"
643,"Yunnan Plateau subtropical evergreen forests","Tropical & Subtropical Moist Broadleaf Forests","Palearctic"
688,"Zagros Mountains forest steppe","Temperate Broadleaf & Mixed Forests","Palearctic"
64,"Zambezian Baikiaea woodlands","Tropical & Subtropical Grasslands, Savannas & Shrublands","Afrotropic"
75,"Zambezian coastal flooded savanna","Flooded Grasslands & Savannas","Afrotropic"
33,"Zambezian evergreen dry forests","Tropical & Subtropical Dry Broadleaf Forests","Afrotropic"
76,"Zambezian flooded grasslands","Flooded Grasslands & Savannas","Afrotropic"
65,"Zambezian mopane woodlands","Tropical & Subtropical Grasslands, Savannas & Shrublands","Afrotropic"
66,"Zambezian-Limpopo mixed woodlands","Tropical & Subtropical Grasslands, Savannas & Shrublands","Afrotropic"
