"id","GID_0","COUNTRY","n_cells"
1,"ABW","Aruba",4
2,"AFG","Afghanistan",1006
3,"AGO","Angola",1701
4,"AIA","Anguilla",4
5,"ALA","<U+00C5>land",21
6,"ALB","Albania",55
8,"ARE","United Arab Emirates",134
9,"ARG","Argentina",4583
10,"ARM","Armenia",53
11,"ASM","American Samoa",8
12,"ATA","Antarctica",10
13,"ATF","French Southern Territories",54
14,"ATG","Antigua and Barbuda",8
15,"AUS","Australia",11922
16,"AUT","Austria",156
17,"AZE","Azerbaijan",145
18,"BDI","Burundi",36
19,"BEL","Belgium",65
20,"BEN","Benin",154
21,"BES","Bonaire, Sint Eustatius and Saba",8
22,"BFA","Burkina Faso",363
23,"BGD","Bangladesh",219
24,"BGR","Bulgaria",202
25,"BHR","Bahrain",7
26,"BHS","Bahamas",192
27,"BIH","Bosnia and Herzegovina",92
29,"BLR","Belarus",451
30,"BLZ","Belize",52
31,"BMU","Bermuda",3
32,"BOL","Bolivia",1468
33,"BRA","Brazil",11565
34,"BRB","Barbados",3
35,"BRN","Brunei",11
36,"BTN","Bhutan",56
37,"BVT","Bouvet Island",1
38,"BWA","Botswana",810
39,"CAF","Central African Republic",815
40,"CAN","Canada",30660
41,"CCK","Cocos Islands",2
42,"CHE","Switzerland",76
43,"CHL","Chile",1606
44,"CHN","China",15440
45,"Z02","China",8
46,"Z03","China",45
47,"Z08","China",3
48,"CIV","C<U+00F4>te d'Ivoire",435
49,"CMR","Cameroon",610
50,"COD","Democratic Republic of the Congo",3037
51,"COG","Republic of the Congo",451
52,"COK","Cook Islands",27
53,"COL","Colombia",1537
54,"COM","Comoros",14
55,"CPV","Cabo Verde",28
56,"CRI","Costa Rica",92
57,"CUB","Cuba",273
58,"CUW","Cura<U+00E7>ao",7
59,"CXR","Christmas Island",2
60,"CYM","Cayman Islands",7
61,"CYP","Cyprus",14
62,"CZE","Czechia",161
63,"DEU","Germany",775
64,"DJI","Djibouti",34
65,"DMA","Dominica",4
66,"DNK","Denmark",178
67,"DOM","Dominican Republic",96
68,"DZA","Algeria",3434
69,"ECU","Ecuador",397
70,"EGY","Egypt",1488
71,"ERI","Eritrea",208
72,"ESH","Western Sahara",411
73,"ESP","Spain",985
74,"EST","Estonia",158
75,"ETH","Ethiopia",1483
76,"FIN","Finland",1077
77,"FJI","Fiji",141
78,"FLK","Falkland Islands",72
79,"FRA","France",1122
80,"FRO","Faroe Islands",18
81,"FSM","Micronesia",78
82,"GAB","Gabon",368
83,"GBR","United Kingdom",745
84,"GEO","Georgia",129
85,"GGY","Guernsey",4
86,"GHA","Ghana",322
87,"GIB","Gibraltar",1
88,"GIN","Guinea",339
89,"GLP","Guadeloupe",12
90,"GMB","Gambia",16
91,"GNB","Guinea-Bissau",62
92,"GNQ","Equatorial Guinea",46
93,"GRC","Greece",440
94,"GRD","Grenada",6
95,"GRL","Greenland",11674
96,"GTM","Guatemala",150
97,"GUF","French Guiana",117
98,"GUM","Guam",4
99,"GUY","Guyana",282
100,"HMD","Heard Island and McDonald Island",6
101,"HND","Honduras",182
102,"HRV","Croatia",151
103,"HTI","Haiti",73
104,"HUN","Hungary",171
105,"IDN","Indonesia",3732
106,"IMN","Isle of Man",5
107,"IND","India",4405
108,"Z01","India",161
111,"Z07","India",99
112,"Z09","India",2
113,"IOT","British Indian Ocean Territory",12
114,"IRL","Ireland",212
115,"IRN","Iran",2549
116,"IRQ","Iraq",675
117,"ISL","Iceland",416
118,"ISR","Israel",37
119,"ITA","Italy",688
120,"JAM","Jamaica",34
121,"JEY","Jersey",5
122,"JOR","Jordan",135
123,"JPN","Japan",1007
124,"KAZ","Kazakhstan",5291
125,"KEN","Kenya",771
126,"KGZ","Kyrgyzstan",344
127,"KHM","Cambodia",254
128,"KIR","Kiribati",63
129,"KNA","Saint Kitts and Nevis",2
130,"KOR","South Korea",248
131,"KWT","Kuwait",35
132,"LAO","Laos",316
133,"LBN","Lebanon",22
134,"LBR","Liberia",137
135,"LBY","Libya",2396
136,"LCA","Saint Lucia",6
137,"LIE","Liechtenstein",1
138,"LKA","Sri Lanka",121
139,"LSO","Lesotho",45
140,"LTU","Lithuania",146
141,"LUX","Luxembourg",5
142,"LVA","Latvia",168
144,"MAR","Morocco",671
145,"MCO","Monaco",1
146,"MDA","Moldova",69
147,"MDG","Madagascar",933
148,"MDV","Maldives",87
149,"MEX","M<U+00E9>xico",3058
150,"MHL","Marshall Islands",89
151,"MKD","North Macedonia",41
152,"MLI","Mali",1706
153,"MLT","Malta",4
154,"MMR","Myanmar",1037
155,"MNE","Montenegro",28
156,"MNG","Mongolia",2957
157,"MNP","Northern Mariana Islands",18
158,"MOZ","Mozambique",1143
159,"MRT","Mauritania",1457
160,"MSR","Montserrat",2
161,"MTQ","Martinique",6
162,"MUS","Mauritius",19
163,"MWI","Malawi",157
164,"MYS","Malaysia",542
165,"MYT","Mayotte",5
166,"NAM","Namibia",1179
167,"NCL","New Caledonia",93
168,"NER","Niger",1613
169,"NFK","Norfolk Island",2
170,"NGA","Nigeria",1210
171,"NIC","Nicaragua",199
172,"NIU","Niue",2
173,"NLD","Netherlands",98
174,"NOR","Norway",1265
175,"NPL","Nepal",216
176,"NRU","Nauru",1
177,"NZL","New Zealand",681
178,"OMN","Oman",496
179,"PAK","Pakistan",1201
180,"Z06","Pakistan",133
181,"PAN","Panama",169
182,"PCN","Pitcairn Islands",5
183,"PER","Peru",1767
184,"PHL","Philippines",817
185,"PLW","Palau",16
186,"PNG","Papua New Guinea",943
187,"POL","Poland",668
188,"PRI","Puerto Rico",28
189,"PRK","North Korea",255
190,"PRT","Portugal",209
191,"PRY","Paraguay",562
192,"PSE","Palestine",11
193,"PYF","French Polynesia",213
194,"QAT","Qatar",23
195,"REU","R<U+00E9>union",9
196,"ROU","Romania",451
197,"RUS","Russia",49262
198,"RWA","Rwanda",32
199,"SAU","Saudi Arabia",2847
200,"SDN","Sudan",2564
201,"SEN","Senegal",275
202,"SGP","Singapore",2
203,"SGS","South Georgia and the South Sand",45
204,"SHN","Saint Helena, Ascension and Tris",11
205,"SJM","Svalbard and Jan Mayen",692
206,"SLB","Solomon Islands",172
207,"SLE","Sierra Leone",108
208,"SLV","El Salvador",39
210,"SOM","Somalia",908
211,"SPM","Saint Pierre and Miquelon",5
212,"SRB","Serbia",144
213,"SSD","South Sudan",823
214,"STP","S<U+00E3>o Tom<U+00E9> and Pr<U+00ED>ncipe",9
215,"SUR","Suriname",200
216,"SVK","Slovakia",99
217,"SVN","Slovenia",38
218,"SWE","Sweden",1408
219,"SWZ","Swaziland",25
220,"SXM","Sint Maarten",4
221,"SYC","Seychelles",41
222,"SYR","Syria",299
223,"TCA","Turks and Caicos Islands",17
224,"TCD","Chad",1719
225,"TGO","Togo",80
226,"THA","Thailand",772
227,"TJK","Tajikistan",234
228,"TKL","Tokelau",5
229,"TKM","Turkmenistan",812
230,"TLS","Timor-Leste",37
231,"TON","Tonga",31
232,"TTO","Trinidad and Tobago",21
233,"TUN","Tunisia",282
234,"TUR","Turkey",1408
235,"TUV","Tuvalu",12
236,"TWN","Taiwan",102
237,"TZA","Tanzania",1269
238,"UGA","Uganda",313
239,"UKR","Ukraine",1232
240,"UMI","United States Minor Outlying Isl",18
241,"URY","Uruguay",292
242,"USA","United States",19012
243,"UZB","Uzbekistan",777
245,"VCT","Saint Vincent and the Grenadines",7
246,"VEN","Venezuela",1282
247,"VGB","British Virgin Islands",2
248,"VIR","Virgin Islands, U.S.",8
249,"VNM","Vietnam",534
250,"VUT","Vanuatu",82
251,"WLF","Wallis and Futuna",6
252,"WSM","Samoa",16
253,"XAD","Akrotiri and Dhekelia",3
254,"XCA","Caspian Sea",644
255,"XCL","Clipperton Island",1
256,"XKO","Kosovo",20
257,"XPI","Paracel Islands",7
258,"XSP","Spratly Islands",9
259,"YEM","Yemen",681
260,"ZAF","South Africa",1882
261,"ZMB","Zambia",1007
262,"ZNC","Northern Cyprus",14
263,"ZWE","Zimbabwe",535
